id,first_name,last_name,email,product,Fraud,price
1,Gan,Renachowski,grenachowski0@ifeng.com,"Plate - Foam, Bread And Butter",true,$775.18
2,Deane,Telford,dtelford1@about.me,Ecolab Silver Fusion,true,$461.56
3,Clarice,Bleby,cbleby2@dedecms.com,Pepper - Chilli Seeds Mild,false,$482.56
4,Berri,Dovington,bdovington3@mac.com,Cheese - Camembert,false,$799.53
5,Jacinda,,jfigin4@wiley.com,Beef - Tender Tips,true,$867.33
6,Franklyn,Allsopp,fallsopp5@list-manage.com,"Pork - Loin, Boneless",false,$702.80
7,Norma,,ntreadway6@netvibes.com,Lettuce - Boston Bib,true,$588.59
8,Gabe,Pennick,gpennick7@topsy.com,"Cherries - Bing, Canned",false,$967.60
9,Ailyn,Saunders,asaunders8@ameblo.jp,Juice - Prune,true,$954.29
10,,Fleckney,,Ham - Cooked Italian,true,$885.59
11,Rosemaria,,rthomingaa@skype.com,Curry Paste - Green Masala,false,$397.44
12,Quinlan,Leftbridge,qleftbridgeb@1688.com,Table Cloth - 53x69 Colour,false,$778.27
13,Cayla,,cweavingc@gizmodo.com,"Mop Head - Cotton, 24 Oz",true,$373.81
14,Willa,,wmackelworthd@microsoft.com,Chicken - Ground,false,$401.67
15,Alfonse,,abegente@prweb.com,Flour - Chickpea,true,$922.55
16,Skylar,Fairlam,sfairlamf@shareasale.com,Coriander - Seed,false,$789.33
17,Orin,Pietasch,opietaschg@exblog.jp,"Fish - Artic Char, Cold Smoked",false,$396.40
18,Veda,Andrioli,vandriolih@sciencedaily.com,Calaloo,true,$916.23
19,Skipp,Doulden,sdouldeni@about.com,White Baguette,true,$800.89
20,Marya,Ert,mertj@google.co.uk,Roe - White Fish,true,$151.80
21,,Dockwra,,Sauce - Soy Low Sodium - 3.87l,false,$348.82
22,Cary,Van Halle,cvanhallel@usgs.gov,Tuna - Yellowfin,true,$878.01
23,Dorelle,Cawthery,dcawtherym@jalbum.net,"Iced Tea - Lemon, 460 Ml",false,$686.59
24,Boothe,Walburn,bwalburnn@deliciousdays.com,Cream - 35%,true,$260.54
25,Beale,Lumley,blumleyo@theglobeandmail.com,"Wine - White, Antinore Orvieto",true,$634.93
26,Papagena,Summerside,psummersidep@businessweek.com,Duck - Breast,false,$623.27
27,Devi,Chagg,dchaggq@tinypic.com,Pepper - Red Chili,true,$470.46
28,Shoshana,,sthomasr@wordpress.com,Cheese - Oka,true,$110.26
29,Lynsey,Boxen,lboxens@boston.com,Filter - Coffee,false,$860.10
30,Ernesta,Slyde,eslydet@chronoengine.com,"Onions - Dried, Chopped",true,$462.47
31,Perri,De Maria,pdemariau@oakley.com,Muffin - Mix - Creme Brule 15l,true,$255.86
32,Wolfgang,Bramich,wbramichv@sakura.ne.jp,Food Colouring - Pink,true,$298.92
33,Marlee,Cantillon,mcantillonw@netscape.com,"Nut - Almond, Blanched, Sliced",false,$459.23
34,Bill,Reggiani,breggianix@dell.com,Puree - Strawberry,true,$625.88
35,Ab,Rodda,arodday@skyrock.com,"Beef - Cooked, Corned",true,$620.41
36,Tripp,Schulkins,tschulkinsz@wunderground.com,"Mushroom - Chantrelle, Fresh",false,$468.07
37,Gabriel,Heddon,gheddon10@reverbnation.com,"Artichokes - Knobless, White",true,$338.12
38,Sinclair,Crispe,scrispe11@edublogs.org,"Pork - Back, Long Cut, Boneless",true,$195.32
39,Dag,Cawdell,dcawdell12@twitpic.com,Ecolab - Medallion,false,$12.81
40,Lynne,,lmerrikin13@nasa.gov,Monkfish Fresh - Skin Off,false,$362.36
41,Joanne,Hiddsley,jhiddsley14@house.gov,Jagermeister,true,$198.55
42,Prince,Balden,pbalden15@artisteer.com,Snapple - Mango Maddness,true,$493.54
43,Dicky,Kettlestring,dkettlestring16@vk.com,"Cherries - Maraschino,jar",true,$863.74
44,Merle,,mgledstane17@nyu.edu,Spice - Montreal Steak Spice,false,$908.77
45,Clari,Oliveti,coliveti18@parallels.com,Bread - Dark Rye,true,$992.27
46,,Paireman,,Lychee,true,$18.12
47,Bernette,Mokes,bmokes1a@over-blog.com,Mince Meat - Filling,false,$278.83
48,Othilia,Malthus,omalthus1b@alexa.com,Muffin Chocolate Individual Wrap,false,$277.81
49,Giacopo,Maginn,gmaginn1c@goo.gl,"Pork - Ham, Virginia",true,$286.43
50,Stormi,Leathard,sleathard1d@gov.uk,Cheese - Oka,false,$744.62
51,Philippa,Fissenden,pfissenden1e@photobucket.com,Bag - Clear 7 Lb,true,$765.79
52,Ynez,,ydikle1f@barnesandnoble.com,Wine - Magnotta - Belpaese,true,$984.00
53,Cleopatra,Gillaspy,cgillaspy1g@virginia.edu,"Pork - Loin, Center Cut",true,$497.92
54,Florian,de Guise,fdeguise1h@zimbio.com,Flour - Fast / Rapid,false,$198.96
55,,Pagden,,Water - Spring 1.5lit,false,$365.23
56,Hymie,Jupp,hjupp1j@altervista.org,Soup Campbells Turkey Veg.,true,$519.59
57,Morgun,Poytress,mpoytress1k@networksolutions.com,"Yogurt - Strawberry, 175 Gr",false,$426.90
58,Durward,,dwherton1l@indiatimes.com,Tea - Earl Grey,true,$446.96
59,,Heelis,,Glucose,false,$788.13
60,Dory,Merman,dmerman1n@marriott.com,Tea - Jasmin Green,true,$432.81
61,Axel,,abartolomeotti1o@meetup.com,Beer - Camerons Auburn,false,$677.71
62,Farleigh,,fjermy1p@wired.com,Napkin - Beverage 1 Ply,false,$656.04
63,Roanna,Falkinder,rfalkinder1q@smh.com.au,Squash - Sunburst,true,$546.81
64,Giulio,,gmellodey1r@rambler.ru,Port - 74 Brights,false,$369.99
65,Ganny,Donneely,gdonneely1s@mtv.com,Chinese Foods - Chicken,false,$341.04
66,Miguel,Mullany,mmullany1t@storify.com,Kippers - Smoked,true,$951.14
67,Gan,Pavek,gpavek1u@csmonitor.com,Wine - Vineland Estate Semi - Dry,false,$370.84
68,Leeann,Coatham,lcoatham1v@howstuffworks.com,Shrimp - Black Tiger 16/20,true,$400.82
69,,Gian,,"Lamb - Leg, Diced",true,$579.14
70,Nanice,Leeder,nleeder1x@slashdot.org,Cheese - Cream Cheese,true,$58.99
71,Cassi,Leethem,cleethem1y@over-blog.com,"Yogurt - Banana, 175 Gr",false,$954.94
72,Coretta,,cbracco1z@jalbum.net,"Gin - Gilbeys London, Dry",false,$404.49
73,Yelena,Burris,yburris20@auda.org.au,Lychee - Canned,true,$569.07
74,Gretel,Laurie,glaurie21@wix.com,Bread Roll Foccacia,true,$452.34
75,Zara,Spittall,zspittall22@is.gd,Langers - Ruby Red Grapfruit,true,$826.04
76,Shana,,smeran23@rambler.ru,"Wine - White, Gewurtzraminer",false,$255.82
77,Gorden,Feldheim,gfeldheim24@nsw.gov.au,Cheese - Oka,false,$937.85
78,Courtnay,Dudliston,cdudliston25@biglobe.ne.jp,Capers - Pickled,false,$167.31
79,Lyndel,,lgiddons26@fc2.com,Sauce - Ranch Dressing,true,$324.91
80,Agustin,Rodrigues,arodrigues27@cnn.com,Beef - Top Sirloin - Aaa,false,$303.20
81,,Scurrah,,Tea - Orange Pekoe,false,$391.12
82,Sal,,sdennerly29@amazon.de,Tomato - Green,true,$257.25
83,Marjorie,Stairmond,mstairmond2a@barnesandnoble.com,Danishes - Mini Raspberry,true,$21.81
84,Haven,Springell,hspringell2b@illinois.edu,Soupcontfoam16oz 116con,false,$174.34
85,Dotty,Danieli,ddanieli2c@businessweek.com,"Butter - Salted, Micro",false,$306.88
86,Mic,Scrivinor,mscrivinor2d@yahoo.co.jp,Bread Sour Rolls,true,$586.64
87,Garrik,Eltringham,geltringham2e@msn.com,Bag - Clear 7 Lb,false,$973.30
88,Dud,Mattei,dmattei2f@hexun.com,Galliano,false,$582.09
89,Tamra,Hiland,thiland2g@spotify.com,Muffin Hinge - 211n,false,$385.58
90,Kippy,Yes,kyes2h@washington.edu,"Wine - White, Lindemans Bin 95",false,$336.05
91,Abba,O'Gormley,aogormley2i@webs.com,Pepper - Green Thai,false,$759.44
92,Brok,Ogan,bogan2j@rediff.com,Durian Fruit,true,$582.22
93,Adah,Ivett,aivett2k@forbes.com,Soup Campbells - Tomato Bisque,false,$73.53
94,Felicio,,fneising2l@spiegel.de,"Mushroom - Shitake, Fresh",true,$460.05
95,Cybil,Solomonides,csolomonides2m@nytimes.com,"Turkey - Breast, Double",false,$430.25
96,Roxane,Glassford,rglassford2n@google.cn,Wine - Pinot Noir Pond Haddock,false,$253.71
97,Maurene,Hainsworth,mhainsworth2o@deviantart.com,Sansho Powder,false,$444.65
98,Em,Cunniffe,ecunniffe2p@uiuc.edu,Icecream Bar - Del Monte,true,$492.25
99,Mordy,Farish,mfarish2q@freewebs.com,Pastrami,true,$802.78
100,Tobey,,tgeorgeson2r@issuu.com,Ecolab - Solid Fusion,true,$736.44
101,Deedee,Gatus,dgatus2s@diigo.com,Flour - Fast / Rapid,true,$231.35
102,Chrisy,Dullingham,cdullingham2t@wikispaces.com,"Split Peas - Yellow, Dry",false,$39.80
103,Neely,Try,ntry2u@prnewswire.com,Pie Filling - Pumpkin,true,$691.13
104,Jasmin,Joseland,jjoseland2v@cam.ac.uk,Sage Derby,true,$55.77
105,Lorita,Digman,ldigman2w@pbs.org,Rosemary - Fresh,true,$617.17
106,Terrel,Dysart,tdysart2x@ft.com,Soup - Campbells - Tomato,true,$729.47
107,Cherice,Scutter,cscutter2y@addtoany.com,Basil - Thai,false,$687.86
108,Rubetta,Carefull,rcarefull2z@ucoz.ru,"Pasta - Rotini, Colour, Dry",true,$845.92
109,Curtice,Chrisp,cchrisp30@usnews.com,Pomello,true,$896.74
110,Milton,Flowitt,mflowitt31@huffingtonpost.com,"Pork - Bacon,back Peameal",true,$74.25
111,Leann,Kleinert,lkleinert32@cafepress.com,Pizza Pizza Dough,true,$2.78
112,Randolf,Ferrari,rferrari33@unesco.org,Energy Drink - Franks Pineapple,true,$359.87
113,,Hoggan,,Wood Chips - Regular,false,$232.26
114,Trescha,Keeley,tkeeley35@ocn.ne.jp,"Asparagus - Green, Fresh",false,$781.19
115,Nikki,Fauning,nfauning36@typepad.com,Sole - Fillet,false,$775.89
116,Mycah,Reckhouse,mreckhouse37@youtube.com,Tart - Lemon,true,$432.40
117,Gwyn,Spinley,gspinley38@wp.com,Bread - Kimel Stick Poly,true,$475.76
118,Osborn,Matevushev,omatevushev39@smh.com.au,Swiss Chard,false,$639.11
119,Emmet,McCurdy,emccurdy3a@arizona.edu,Monkfish - Fresh,true,$423.69
120,Gauthier,Sadler,gsadler3b@vistaprint.com,Pork - Ham Hocks - Smoked,false,$496.64
121,Wandie,Kamall,wkamall3c@tamu.edu,Lettuce - Treviso,true,$428.73
122,Cherie,Fippe,cfippe3d@adobe.com,"Jam - Marmalade, Orange",true,$155.11
123,Gordon,Somerbell,gsomerbell3e@ameblo.jp,Pie Shell - 9,true,$110.32
124,Robyn,Semor,rsemor3f@japanpost.jp,Soup Campbells Beef With Veg,true,$198.31
125,Abel,Petruszka,apetruszka3g@ihg.com,Cookie Choc,false,$653.76
126,Genna,,gnewlands3h@netlog.com,Wine - Cotes Du Rhone,true,$538.39
127,Neill,Mathivet,nmathivet3i@sakura.ne.jp,Wine - Peller Estates Late,true,$852.14
128,Devan,Radenhurst,dradenhurst3j@guardian.co.uk,"Pasta - Penne, Lisce, Dry",false,$23.16
129,Ganny,Montgomery,gmontgomery3k@i2i.jp,Potatoes - Idaho 100 Count,false,$791.63
130,Stafford,Palfrey,spalfrey3l@linkedin.com,Extract Vanilla Pure,true,$861.73
131,Maddy,Crockett,mcrockett3m@edublogs.org,Cheese - Swiss,false,$861.73
132,Adda,Incogna,aincogna3n@nymag.com,Lettuce - Belgian Endive,true,$162.80
133,Missie,Giorgeschi,mgiorgeschi3o@uiuc.edu,Coffee - Hazelnut Cream,true,$429.25
134,Frederik,Tapping,ftapping3p@tuttocitta.it,"Lamb - Racks, Frenched",false,$321.44
135,Jarrid,Jurzyk,jjurzyk3q@tiny.cc,Flour - Teff,true,$931.25
136,Mark,Costan,mcostan3r@apple.com,Tea - Lemon Scented,true,$627.93
137,Bobbe,Rowland,browland3s@cnn.com,Sugar Thermometer,true,$185.02
138,Kerry,Clarkin,kclarkin3t@epa.gov,Calaloo,false,$466.71
139,Edgard,Gritsaev,egritsaev3u@twitpic.com,Sugar - Cubes,false,$958.70
140,Verena,Dunbobin,vdunbobin3v@sitemeter.com,Piping Jelly - All Colours,true,$757.58
141,,Chieze,,Wine - Chablis J Moreau Et Fils,false,$640.98
142,Letisha,Tedridge,ltedridge3x@ning.com,Beef - Inside Round,false,$170.46
143,Verena,Olney,volney3y@delicious.com,Steam Pan Full Lid,false,$356.95
144,,,,"Pail - 15l White, With Handle",false,$670.94
145,Tanney,MacFadden,tmacfadden40@cam.ac.uk,Plate Foam Laminated 9in Blk,false,$534.79
146,,Hourigan,,Ice Cream Bar - Drumstick,false,$595.91
147,Fletch,Brimman,fbrimman42@chron.com,Lamb - Rack,true,$251.37
148,Drona,Mitchel,dmitchel43@intel.com,Dried Figs,true,$101.64
149,Cristal,,cgery44@livejournal.com,Beans - French,true,$520.57
150,Nickolaus,,nornells45@intel.com,"Cheese - Cheddar, Medium",false,$764.55
151,Jarrid,Scurlock,jscurlock46@clickbank.net,Lotus Rootlets - Canned,true,$224.78
152,Clarance,Strowther,cstrowther47@cnbc.com,Rhubarb,false,$813.57
153,Wilburt,Gilsthorpe,wgilsthorpe48@acquirethisname.com,Gatorade - Lemon Lime,true,$525.23
154,Marylinda,Coleshill,mcoleshill49@scribd.com,Longos - Greek Salad,false,$350.90
155,,Huby,,Cornflakes,false,$262.83
156,Spike,Siemons,ssiemons4b@sciencedaily.com,Plastic Wrap,false,$125.28
157,Dedie,Glaum,dglaum4c@hud.gov,Olives - Morracan Dired,true,$608.64
158,Caria,Lehrle,clehrle4d@trellian.com,Chutney Sauce - Mango,true,$267.66
159,Mikaela,Gilcriest,mgilcriest4e@booking.com,Pepper - Pablano,true,$411.53
160,Olin,Ladley,oladley4f@aboutads.info,Flavouring - Rum,false,$203.42
161,Helyn,Mutter,hmutter4g@arizona.edu,"Oranges - Navel, 72",true,$83.00
162,Emelyne,Loalday,eloalday4h@webs.com,"Beans - Fava, Canned",true,$633.99
163,Dud,Mackney,dmackney4i@slate.com,Sauce - Rosee,true,$678.86
164,Taddeusz,Oluwatoyin,toluwatoyin4j@twitter.com,Lettuce - Curly Endive,true,$693.83
165,Nicolais,Rattrie,nrattrie4k@wsj.com,Venison - Ground,false,$819.49
166,Clem,Fanton,cfanton4l@github.io,Chocolate - Liqueur Cups With Foil,true,$288.24
167,Orly,Burner,oburner4m@tmall.com,Sauce - Demi Glace,false,$980.65
168,Klemens,Jahnke,kjahnke4n@boston.com,Scampi Tail,true,$344.89
169,Aldo,Flori,aflori4o@google.co.jp,"Ice - Clear, 300 Lb For Carving",true,$406.05
170,Josh,Rogge,jrogge4p@yolasite.com,Shrimp - Black Tiger 16/20,false,$497.85
171,Laurie,,lkeppel4q@hud.gov,Vaccum Bag 10x13,false,$293.79
172,Lavena,Sinclaire,lsinclaire4r@netscape.com,Sun - Dried Tomatoes,true,$528.17
173,Lefty,Posse,lposse4s@friendfeed.com,"Doilies - 5, Paper",true,$869.84
174,Ebonee,Durnin,edurnin4t@google.com.br,Broom - Angled,true,$946.00
175,Lothaire,Yakobovitz,lyakobovitz4u@csmonitor.com,Sugar - Individual Portions,true,$353.39
176,Crichton,MacGuffie,cmacguffie4v@163.com,"Coke - Diet, 355 Ml",true,$568.86
177,Karoly,Hansom,khansom4w@ucla.edu,Muffin Batt - Ban Dream Zero,true,$517.08
178,Jewel,,jtimeby4x@nih.gov,Lamb Shoulder Boneless Nz,false,$701.27
179,Georg,Tschursch,gtschursch4y@odnoklassniki.ru,"Veal - Chops, Split, Frenched",true,$183.77
180,Carita,De Lascy,cdelascy4z@bandcamp.com,Roe - Flying Fish,true,$215.63
181,Amalia,Vela,avela50@prlog.org,Beef - Rib Eye Aaa,false,$547.05
182,Gaby,Tattam,gtattam51@arstechnica.com,Lemon Tarts,true,$440.52
183,Domini,Buckett,dbuckett52@wikispaces.com,"Brocolinni - Gaylan, Chinese",false,$608.48
184,Ashley,,atolcher53@amazon.de,"Soup - Beef Conomme, Dry",false,$94.81
185,Nadean,Sporgeon,nsporgeon54@amazon.de,Arizona - Green Tea,false,$752.89
186,Suzie,Pyer,spyer55@vkontakte.ru,General Purpose Trigger,true,$640.32
187,Krystal,Stephens,kstephens56@msn.com,Bar Nature Valley,true,$442.13
188,Donaugh,Jozefowicz,djozefowicz57@yolasite.com,Cloves - Whole,false,$763.30
189,Kory,Boshard,kboshard58@ed.gov,"Beef - Roasted, Cooked",false,$525.98
190,Dorothea,Kibel,dkibel59@freewebs.com,Tea - Grapefruit Green Tea,false,$192.50
191,Fairleigh,Eberle,feberle5a@ca.gov,Tilapia - Fillets,false,$540.52
192,Tymon,Knyvett,tknyvett5b@themeforest.net,Sweet Pea Sprouts,false,$72.55
193,,Wheelhouse,,Cookies - Fortune,true,$38.26
194,,Drinkhill,,Carbonated Water - Blackberry,false,$304.92
195,Robbie,Duggan,rduggan5e@storify.com,Lotus Root,true,$208.42
196,Cara,Tchaikovsky,ctchaikovsky5f@de.vu,Zucchini - Yellow,true,$896.22
197,Helenka,Limon,hlimon5g@plala.or.jp,Kirsch - Schloss,false,$810.41
198,Ruprecht,Southway,rsouthway5h@unicef.org,Crawfish,false,$563.07
199,Arney,,amantione5i@deliciousdays.com,Bread - Raisin,false,$757.52
200,Kurt,Benditt,kbenditt5j@macromedia.com,Waffle Stix,false,$343.10
201,Sophey,,soheneghan5k@weebly.com,Cranberries - Fresh,true,$343.66
202,Thane,Lapides,tlapides5l@huffingtonpost.com,Wine - Pinot Grigio Collavini,false,$809.19
203,Michele,Gonneau,mgonneau5m@printfriendly.com,Butter - Salted,true,$876.36
204,Reese,Pietrowicz,rpietrowicz5n@nytimes.com,Rice - Long Grain,false,$455.03
205,Symon,Gunney,sgunney5o@cpanel.net,Coffee - Ristretto Coffee Capsule,false,$211.75
206,Garrott,Phetteplace,gphetteplace5p@icio.us,"Mushroom - Trumpet, Dry",true,$915.62
207,Gayelord,Amoss,gamoss5q@i2i.jp,Onions - Vidalia,true,$281.02
208,Joanna,Jeremaes,jjeremaes5r@youku.com,Beer - Muskoka Cream Ale,true,$431.39
209,Cooper,Dawidowitsch,cdawidowitsch5s@state.tx.us,Chocolate - Milk,true,$704.17
210,Jessica,Komorowski,jkomorowski5t@baidu.com,"Capon - Breast, Double, Wing On",true,$546.11
211,Manon,Sturdey,msturdey5u@istockphoto.com,Sugar - White Packet,true,$333.19
212,Claudina,Kinnin,ckinnin5v@sphinn.com,Flour - Whole Wheat,false,$682.26
213,Tabb,Brimilcombe,tbrimilcombe5w@disqus.com,Vinegar - Champagne,false,$726.35
214,Marthe,,mchatwood5x@cnet.com,Curry Paste - Madras,true,$378.96
215,Berton,Friedank,bfriedank5y@statcounter.com,Meldea Green Tea Liquor,false,$909.62
216,Darrick,Geroldini,dgeroldini5z@qq.com,Shrimp - Tiger 21/25,true,$742.01
217,Lesya,Philpault,lphilpault60@samsung.com,Lamb Tenderloin Nz Fr,false,$120.49
218,Rozanna,D'Aguanno,rdaguanno61@upenn.edu,"Sauce - Gravy, Au Jus, Mix",true,$260.48
219,Sherry,Frostick,sfrostick62@list-manage.com,Dip - Tapenade,false,$383.84
220,Emelina,Gabriel,egabriel63@blinklist.com,Spice - Greek 1 Step,true,$292.17
221,Elise,Horlick,ehorlick64@google.com.au,Ecolab - Hobart Upr Prewash Arm,false,$420.31
222,Herby,,hwillden65@nature.com,Rice - Sushi,true,$322.83
223,Gonzalo,Hearson,ghearson66@123-reg.co.uk,Red Currants,true,$644.63
224,Iosep,Fewtrell,ifewtrell67@soundcloud.com,Onions - Spanish,false,$135.66
225,Lyle,Chettoe,lchettoe68@vimeo.com,Pastry - Carrot Muffin - Mini,false,$618.43
226,Britt,Gummoe,bgummoe69@mac.com,Longos - Grilled Chicken With,true,$628.76
227,Eveline,Kleinplac,ekleinplac6a@omniture.com,Table Cloth 72x144 White,false,$220.00
228,Zebulon,Church,zchurch6b@hexun.com,Pastry - Chocolate Chip Muffin,false,$136.49
229,Nonnah,Sayer,nsayer6c@cbslocal.com,Sauce - Rosee,false,$200.65
230,Filia,Angrave,fangrave6d@jalbum.net,English Muffin,false,$907.92
231,Emanuele,Antognozzii,eantognozzii6e@booking.com,Pastry - Cherry Danish - Mini,true,$987.72
232,Lora,Prisk,lprisk6f@is.gd,Lobster - Base,true,$484.04
233,Edwina,Leggott,eleggott6g@nasa.gov,Trout - Smoked,true,$864.72
234,Raynard,Georgeau,rgeorgeau6h@skyrock.com,Sprouts - China Rose,true,$576.01
235,Sumner,Fewell,sfewell6i@lulu.com,Lamb - Ground,false,$105.89
236,,Boughton,,Muffin Mix - Chocolate Chip,true,$560.76
237,Zack,Anersen,zanersen6k@nymag.com,Veal Inside - Provimi,true,$10.78
238,Derward,Beltzner,dbeltzner6l@usa.gov,Pepper - Red Thai,true,$824.42
239,,Skally,,"Veal - Inside Round / Top, Lean",true,$772.89
240,Gerek,Sharpling,gsharpling6n@home.pl,Tia Maria,false,$264.88
241,Kanya,Erskine,kerskine6o@dmoz.org,Filter - Coffee,false,$273.80
242,Zacharie,Carnilian,zcarnilian6p@meetup.com,Ginsing - Fresh,true,$746.73
243,Nancy,Domenichelli,ndomenichelli6q@devhub.com,"Pepper - Paprika, Spanish",false,$934.91
244,Ulrica,Fumagalli,ufumagalli6r@etsy.com,Wine - German Riesling,false,$223.66
245,Ode,Bootell,obootell6s@jimdo.com,"Wine - White, Chardonnay",true,$210.90
246,Audre,Beckerleg,abeckerleg6t@163.com,Flavouring - Raspberry,true,$460.77
247,Albina,Shipway,ashipway6u@microsoft.com,Lidsoupcont Rp12dn,true,$544.98
248,Gretta,Southorn,gsouthorn6v@mayoclinic.com,"Wine - Red, Cooking",true,$857.79
249,Adah,Swarbrick,aswarbrick6w@dmoz.org,Pimento - Canned,false,$628.50
250,Carmela,Kertess,ckertess6x@nymag.com,Raisin - Dark,false,$936.34
251,Arney,Maile,amaile6y@amazon.co.jp,Bar Mix - Lemon,false,$579.91
252,Wilfrid,,wmussen6z@exblog.jp,Cake - Dulce De Leche,true,$587.56
253,Marylou,Augustin,maugustin70@dyndns.org,Wine - Guy Sage Touraine,false,$324.48
254,Chico,Barrie,cbarrie71@163.com,Oats Large Flake,true,$72.53
255,Christie,,cgarroch72@shareasale.com,Vinegar - White,false,$792.05
256,Inger,Ledson,iledson73@hexun.com,Pears - Bartlett,false,$42.41
257,,Lillo,,"Sprite, Diet - 355ml",true,$851.63
258,,Housegoe,,Lettuce - Romaine,false,$102.11
259,Whit,Bryde,wbryde76@cnn.com,"Vermouth - White, Cinzano",false,$468.10
260,Dido,Djakovic,ddjakovic77@clickbank.net,"Veal - Brisket, Provimi, Bone - In",false,$325.48
261,Beatrix,Herety,bherety78@taobao.com,"Beef - Ox Tongue, Pickled",false,$25.12
262,Reggy,Dagworthy,rdagworthy79@washingtonpost.com,Compound - Pear,false,$936.87
263,Dukey,Caile,dcaile7a@slashdot.org,Versatainer Nc - 8288,false,$431.20
264,Jackson,Wheadon,jwheadon7b@aboutads.info,Irish Cream - Butterscotch,true,$109.90
265,Rudiger,Shyram,rshyram7c@unc.edu,Bread - Raisin Walnut Pull,true,$661.64
266,Asia,,awooffitt7d@seattletimes.com,Beef - Ground Lean Fresh,false,$585.95
267,Roddie,Sibbe,rsibbe7e@newyorker.com,Tomatoes Tear Drop Yellow,false,$126.92
268,Harri,Meadley,hmeadley7f@tamu.edu,Cup Translucent 9 Oz,true,$487.18
269,Gerrilee,Casino,gcasino7g@alexa.com,Mudslide,true,$971.46
270,Roberta,,rmellonby7h@squarespace.com,"Napkin - Beverge, White 2 - Ply",true,$78.93
271,Sileas,Tomala,stomala7i@drupal.org,Toamtoes 6x7 Select,false,$99.69
272,Cairistiona,O'Hartnett,cohartnett7j@amazon.co.uk,Crab Brie In Phyllo,false,$560.36
273,Merwin,Haith,mhaith7k@sakura.ne.jp,Quail - Jumbo Boneless,true,$333.99
274,Seamus,Mealham,smealham7l@qq.com,"Liners - Banana, Paper",true,$533.01
275,Elsbeth,Blewmen,eblewmen7m@instagram.com,Coffee Caramel Biscotti,false,$760.55
276,Livy,Brambley,lbrambley7n@ca.gov,"Sugar - Sweet N Low, Individual",true,$458.09
277,Ian,Keeble,ikeeble7o@psu.edu,Chocolate - Milk Coating,false,$286.59
278,Eyde,Coppin,ecoppin7p@privacy.gov.au,"Beans - Turtle, Black, Dry",true,$799.39
279,Emanuele,Davidi,edavidi7q@jigsy.com,Bread - Raisin Walnut Oval,false,$602.81
280,Boycie,Crossan,bcrossan7r@booking.com,Steampan - Lid For Half Size,false,$902.79
281,Bennie,Philbin,bphilbin7s@geocities.com,Chicken - Leg / Back Attach,false,$183.49
282,Arnuad,,awoolaghan7t@qq.com,Yoghurt Tubes,false,$724.29
283,Berna,Sobczak,bsobczak7u@illinois.edu,Tomatoes Tear Drop Yellow,false,$883.77
284,Wolfy,Huckabe,whuckabe7v@theglobeandmail.com,Veal - Eye Of Round,false,$612.83
285,Charis,,cbarbary7w@google.nl,Honey - Liquid,true,$489.89
286,Ashlin,,asiddens7x@domainmarket.com,Beer - Camerons Auburn,false,$412.72
287,Morgen,,mtrimmell7y@hud.gov,Carbonated Water - Cherry,false,$442.97
288,Lethia,,levreux7z@woothemes.com,Muffin Mix - Oatmeal,true,$325.98
289,Lucio,Chauvey,lchauvey80@goo.ne.jp,Pastry - Cherry Danish - Mini,false,$734.63
290,Evangeline,Fensome,efensome81@ibm.com,"Stock - Veal, Brown",true,$183.01
291,Emmalee,Peschke,epeschke82@ifeng.com,"Juice - Grapefruit, 341 Ml",true,$885.73
292,Persis,Vereker,pvereker83@elegantthemes.com,Bouillion - Fish,false,$78.03
293,Omar,Dallan,odallan84@mlb.com,Cookie Dough - Chunky,true,$333.22
294,Dell,Powers,dpowers85@hc360.com,Lamb Rack - Ontario,false,$333.20
295,Noel,Ferraro,nferraro86@123-reg.co.uk,Calypso - Pineapple Passion,false,$672.81
296,Erroll,Ghelarducci,eghelarducci87@shareasale.com,"Juice - Tomato, 10 Oz",false,$233.60
297,Galvin,Pynn,gpynn88@godaddy.com,Pepper - Sorrano,false,$361.31
298,Thekla,Shimuk,tshimuk89@pinterest.com,"Lemonade - Mandarin, 591 Ml",false,$875.32
299,Amara,Freshwater,afreshwater8a@delicious.com,Appetizer - Shrimp Puff,false,$344.27
300,Ashli,Ferrarini,aferrarini8b@jugem.jp,Cheese - Sheep Milk,true,$634.87
301,Norby,Rable,nrable8c@mail.ru,Taro Root,true,$348.94
302,,Skally,,Brandy Apricot,true,$981.97
303,Lillis,Cossey,lcossey8e@arizona.edu,Veal - Knuckle,true,$977.98
304,,Mandre,,Lid Tray - 12in Dome,false,$39.14
305,Nicky,,nbrain8g@naver.com,Bread - Olive Dinner Roll,true,$461.00
306,Fulvia,Schwandermann,fschwandermann8h@blogger.com,"Shrimp - 16/20, Peeled Deviened",true,$771.09
307,Tiffi,,tflahy8i@squidoo.com,Ocean Spray - Ruby Red,false,$58.04
308,Rodina,Picton,rpicton8j@sourceforge.net,Croissants Thaw And Serve,false,$176.33
309,Rosabelle,Bearham,rbearham8k@yelp.com,Container - Hngd Cll Blk 7x7x3,true,$602.54
310,Caye,Furmenger,cfurmenger8l@columbia.edu,Cookies Almond Hazelnut,true,$714.42
311,Melisande,Siverns,msiverns8m@squarespace.com,Mushroom Morel Fresh,false,$544.51
312,Margareta,Jeannin,mjeannin8n@deliciousdays.com,Sausage - Blood Pudding,false,$689.27
313,Debee,,djohansson8o@over-blog.com,Sprouts - Pea,false,$203.16
314,Katya,,kponten8p@mozilla.org,Tomato - Green,true,$87.58
315,Evelyn,Kingescot,ekingescot8q@indiegogo.com,Lettuce - Iceberg,true,$782.66
316,Josefa,Romney,jromney8r@linkedin.com,Cheese - Wine,true,$888.07
317,,Menghi,,Soup - Campbells - Chicken Noodle,true,$81.55
318,Gerhardt,Lamartine,glamartine8t@opensource.org,Puree - Kiwi,false,$984.78
319,Kennie,Pashby,kpashby8u@bluehost.com,Chocolate - Mi - Amere Semi,false,$374.75
320,Temple,Challes,tchalles8v@amazonaws.com,Wine - Riesling Dr. Pauly,true,$252.01
321,Rivalee,,raked8w@surveymonkey.com,Soup - Campbells,true,$898.56
322,Raynor,Burnsyde,rburnsyde8x@google.ca,"Split Peas - Green, Dry",true,$488.54
323,Karim,,kdalglish8y@yolasite.com,Dried Peach,true,$149.25
324,Giorgia,Northidge,gnorthidge8z@mail.ru,Bread - French Stick,true,$922.88
325,Adelaide,Lacoste,alacoste90@npr.org,Duck - Whole,true,$199.23
326,Rayshell,Woofenden,rwoofenden91@so-net.ne.jp,Sugar - White Packet,true,$729.83
327,Kelcy,,khansberry92@forbes.com,Arizona - Plum Green Tea,true,$42.48
328,Rriocard,Vero,rvero93@hostgator.com,Pop - Club Soda Can,true,$541.89
329,Catlee,Lumpkin,clumpkin94@stanford.edu,Beef - Short Ribs,false,$664.14
330,Berni,,bcaukill95@jimdo.com,Cabbage - Red,true,$670.63
331,Priscilla,Shakesby,pshakesby96@usa.gov,"Beans - Long, Chinese",true,$136.05
332,Frasco,,fgibbon97@drupal.org,Bok Choy - Baby,false,$976.03
333,Darell,McCormack,dmccormack98@canalblog.com,Tarragon - Fresh,true,$142.45
334,Ernest,Bahia,ebahia99@nature.com,Table Cloth 54x54 Colour,true,$905.43
335,Fleurette,Pardal,fpardal9a@aboutads.info,Lamb - Loin Chops,true,$649.27
336,Trumaine,Nappin,tnappin9b@behance.net,Longos - Grilled Salmon With Bbq,false,$945.92
337,,,,Sprouts - Peppercress,true,$314.57
338,Flynn,Kyle,fkyle9d@i2i.jp,Cilantro / Coriander - Fresh,true,$977.22
339,Eleonora,Goldston,egoldston9e@blogs.com,Water - Spring 1.5lit,false,$61.33
340,Rasla,,rcicetti9f@infoseek.co.jp,Crackers - Trio,false,$299.68
341,Darb,Rex,drex9g@jiathis.com,"Bread - Dark Rye, Loaf",true,$983.57
342,Jamill,Le Galle,jlegalle9h@ebay.com,Chocolate Eclairs,true,$526.57
343,Dotti,,dcurds9i@reverbnation.com,Bread - Malt,false,$338.64
344,,,,Flour - All Purpose,false,$527.60
345,Quinn,Londer,qlonder9k@businessweek.com,Wine - Redchard Merritt,true,$769.61
346,Ethel,Halgarth,ehalgarth9l@mashable.com,Dasheen,true,$601.38
347,Corly,Nightingale,cnightingale9m@cbsnews.com,Flour - Rye,false,$367.16
348,Avram,Mynett,amynett9n@meetup.com,Cups 10oz Trans,true,$209.13
349,Chaim,Trinke,ctrinke9o@reverbnation.com,Juice - Cranberry 284ml,false,$176.05
350,Faun,Fleischmann,ffleischmann9p@unesco.org,Vodka - Smirnoff,true,$987.79
351,Caesar,Stanmore,cstanmore9q@wisc.edu,Wine - Chateau Bonnet,true,$671.96
352,Adorne,Van Giffen,avangiffen9r@homestead.com,"Soup - Knorr, Country Bean",false,$379.34
353,Abbot,Espada,aespada9s@hubpages.com,Parsley - Fresh,true,$456.46
354,Lorinda,Cabel,lcabel9t@tripod.com,Salad Dressing,true,$130.13
355,Adela,,ajaffa9u@forbes.com,Fudge - Chocolate Fudge,false,$69.70
356,Kelley,Craythorn,kcraythorn9v@so-net.ne.jp,Anchovy In Oil,false,$184.45
357,Roth,Thornborrow,rthornborrow9w@wiley.com,Coffee - Irish Cream,false,$198.02
358,Maitilde,Applin,mapplin9x@mediafire.com,Veal - Heart,false,$787.82
359,Aile,,asims9y@biglobe.ne.jp,Sprouts - Bean,true,$535.98
360,Jeff,Lahrs,jlahrs9z@psu.edu,Napkin Colour,true,$805.61
361,,Muller,,Parsnip,false,$433.62
362,Seward,Clother,sclothera1@goodreads.com,Skewers - Bamboo,false,$521.11
363,Addia,Lotze,alotzea2@skype.com,Apple - Royal Gala,false,$118.77
364,Oriana,Whorlton,owhorltona3@themeforest.net,Tea - Black Currant,false,$680.13
365,Fayth,Bridat,fbridata4@wp.com,"Beef - Rouladin, Sliced",true,$989.94
366,Kylen,Wharby,kwharbya5@qq.com,V8 Splash Strawberry Banana,true,$85.08
367,Myles,,mkitchinera6@w3.org,"Veal - Shank, Pieces",true,$207.49
368,Kiele,Wanka,kwankaa7@diigo.com,Pepper - Sorrano,false,$164.63
369,Corena,Ramelot,cramelota8@bloglovin.com,Poppy Seed,true,$72.16
370,Mildrid,,mmaulkina9@stanford.edu,French Pastry - Mini Chocolate,true,$63.51
371,Gayelord,Pedersen,gpedersenaa@forbes.com,Pork - Side Ribs,true,$466.88
372,Fremont,Frazier,ffrazierab@quantcast.com,Mushroom - White Button,false,$736.67
373,,Helliker,,Kumquat,true,$249.39
374,Steffie,Roake,sroakead@slideshare.net,Spice - Chili Powder Mexican,false,$370.96
375,Ogdon,Noton,onotonae@canalblog.com,Oil - Canola,false,$672.05
376,Clementia,,cmorsleyaf@usda.gov,Milkettes - 2%,false,$188.60
377,Jeramie,Simionato,jsimionatoag@goodreads.com,"Chicken - White Meat, No Tender",false,$928.04
378,Germain,Kneaphsey,gkneaphseyah@mtv.com,Vinegar - Cider,true,$603.38
379,Wye,Ponte,wponteai@xing.com,Chocolate - Milk,false,$911.49
380,Gabi,Luciani,glucianiaj@shop-pro.jp,"Jam - Raspberry,jar",true,$342.10
381,Belvia,Kasting,bkastingak@pinterest.com,"Lamb - Racks, Frenched",true,$157.85
382,Kendra,McGeorge,kmcgeorgeal@t.co,Parsley Italian - Fresh,true,$641.53
383,Gallard,,gascougham@google.es,Plums - Red,false,$386.73
384,Mortie,,mjanean@economist.com,Wine - Ruffino Chianti,true,$337.28
385,Meggi,,msummerskillao@google.nl,Sauce - Vodka Blush,true,$342.44
386,Dilan,Jendas,djendasap@t.co,Chips - Potato Jalapeno,false,$617.38
387,Meryl,Heinritz,mheinritzaq@mozilla.org,Lamb Leg - Bone - In Nz,true,$486.55
388,Rebbecca,Mourton,rmourtonar@ebay.co.uk,Spice - Pepper Portions,false,$198.16
389,Edmund,Stiegars,estiegarsas@hao123.com,"Shrimp, Dried, Small / Lb",true,$761.82
390,Renelle,Craster,rcrasterat@ovh.net,Tuna - Fresh,true,$750.80
391,Ninetta,O'Leary,nolearyau@netscape.com,Wine - Prosecco Valdobiaddene,false,$73.61
392,Veronika,Kemmey,vkemmeyav@google.ru,Olives - Nicoise,true,$235.56
393,Rickard,Prowse,rprowseaw@pen.io,Mikes Hard Lemonade,false,$595.38
394,Yale,Griffoen,ygriffoenax@loc.gov,Pear - Packum,true,$727.40
395,Catlin,McIleen,cmcileenay@google.nl,"Sauce - Apple, Unsweetened",false,$539.11
396,Alfonso,Friman,afrimanaz@macromedia.com,"Tendrils - Baby Pea, Organic",true,$869.34
397,Murvyn,McKinna,mmckinnab0@desdev.cn,Carbonated Water - Wildberry,false,$305.72
398,Ilene,Kilner,ikilnerb1@unc.edu,"Cheese - Mozzarella, Shredded",true,$652.52
399,Lorenza,De Cruce,ldecruceb2@qq.com,Irish Cream - Baileys,false,$118.06
400,Marc,Van Rembrandt,mvanrembrandtb3@blogs.com,"Yogurt - Blueberry, 175 Gr",true,$181.16
401,Jens,Watkin,jwatkinb4@cafepress.com,"Asparagus - White, Fresh",true,$648.52
402,Tomlin,Martellini,tmartellinib5@usa.gov,Wine - Placido Pinot Grigo,true,$52.84
403,Osborn,Niles,onilesb6@themeforest.net,"Chilli Paste, Ginger Garlic",true,$640.12
404,Charlene,Franssen,cfranssenb7@de.vu,Cookies - Englishbay Oatmeal,false,$975.29
405,August,,ahannab8@foxnews.com,"Juice - Pineapple, 341 Ml",false,$498.18
406,Dorthea,Waylen,dwaylenb9@state.gov,Pork - Bacon Cooked Slcd,false,$912.14
407,Merrili,O' Borne,moborneba@bbc.co.uk,Lettuce - Arugula,false,$366.37
408,Willamina,Collumbell,wcollumbellbb@indiatimes.com,Bok Choy - Baby,true,$600.27
409,Charlean,Stoakes,cstoakesbc@yellowbook.com,Mint - Fresh,true,$66.40
410,Marv,Bullivent,mbulliventbd@disqus.com,Herb Du Provence - Primerba,true,$814.13
411,Leonardo,Camili,lcamilibe@macromedia.com,Venison - Racks Frenched,false,$846.57
412,Culver,Lawford,clawfordbf@slashdot.org,Wine - Pinot Noir Stoneleigh,false,$874.15
413,Etheline,,esturebg@japanpost.jp,Muffin Orange Individual,false,$970.56
414,Umeko,Windle,uwindlebh@usnews.com,Beer - Fruli,true,$60.32
415,Kenna,Woodes,kwoodesbi@nba.com,Soup - Campbells Mushroom,false,$656.42
416,Ossie,Pullar,opullarbj@skype.com,Pasta - Canelloni,true,$840.97
417,Raychel,Iban,ribanbk@weather.com,Wine - Gato Negro Cabernet,false,$585.75
418,Isahella,Oggers,ioggersbl@unblog.fr,Soup - Base Broth Chix,false,$393.20
419,Doralin,Girvin,dgirvinbm@virginia.edu,Bread Base - Gold Formel,false,$22.68
420,Onfre,Tomanek,otomanekbn@squarespace.com,Table Cloth 54x72 Colour,true,$277.22
421,Nissie,Tandy,ntandybo@goo.ne.jp,Oil - Shortening - All - Purpose,false,$973.50
422,Wiley,MacAndreis,wmacandreisbp@vistaprint.com,Puree - Passion Fruit,false,$193.32
423,Iosep,Postians,ipostiansbq@flickr.com,Beets - Mini Golden,false,$495.20
424,Hammad,,hchristoffelsbr@geocities.jp,Grapes - Red,false,$507.51
425,Harwell,,hsoalbs@wordpress.org,Beef Flat Iron Steak,false,$384.38
426,Andee,,acominibt@samsung.com,Chick Peas - Canned,false,$168.17
427,Zelma,Grealy,zgrealybu@360.cn,"Spoon - Soup, Plastic",true,$360.08
428,Johan,Bradman,jbradmanbv@wikispaces.com,Lettuce - Curly Endive,true,$331.30
429,Jandy,Farny,jfarnybw@quantcast.com,"Extract - Vanilla,artificial",false,$898.91
430,Sosanna,Weson,swesonbx@odnoklassniki.ru,Wine - Chablis 2003 Champs,true,$230.40
431,Isabelle,Cherrington,icherringtonby@spotify.com,Munchies Honey Sweet Trail Mix,false,$884.57
432,,Cockarill,,Muffin Mix - Blueberry,true,$365.74
433,Cos,Papworth,cpapworthc0@mlb.com,Smirnoff Green Apple Twist,true,$545.34
434,,,,"Lentils - Red, Dry",true,$229.03
435,Ariela,Chasles,achaslesc2@xing.com,Beer - True North Strong Ale,false,$669.16
436,Moira,Bernet,mbernetc3@home.pl,Napkin White - Starched,true,$780.79
437,Margeaux,Kendrew,mkendrewc4@freewebs.com,Wine - Chateauneuf Du Pape,true,$716.08
438,Arabelle,Jarry,ajarryc5@wsj.com,Cornflakes,false,$638.21
439,Hendrick,Gatcliff,hgatcliffc6@reverbnation.com,"Asparagus - White, Canned",false,$220.59
440,Grady,Bilsland,gbilslandc7@wsj.com,Rye Special Old,true,$946.62
441,Jackie,Duffree,jduffreec8@google.com.au,Pepper - Red Thai,false,$144.31
442,Yanaton,,yleivesleyc9@blogs.com,"Lemonade - Natural, 591 Ml",true,$231.54
443,Aeriel,Bruty,abrutyca@histats.com,Sprouts - Corn,true,$996.38
444,Allina,,abeedencb@examiner.com,Plasticspoonblack,false,$753.71
445,Wylie,,wdorbincc@myspace.com,Pasta - Angel Hair,false,$946.46
446,Rawley,Kintzel,rkintzelcd@newyorker.com,Alize Red Passion,true,$708.86
447,Kenny,Godspeede,kgodspeedece@bloomberg.com,"Soup - Knorr, Country Bean",true,$996.60
448,Cassandre,Brende,cbrendecf@wix.com,Absolut Citron,true,$933.95
449,Nicolais,Dillimore,ndillimorecg@mozilla.com,"Corn - Cream, Canned",false,$688.92
450,Tanya,Jankiewicz,tjankiewiczch@yandex.ru,"Bread - Roll, Soft White Round",true,$122.46
451,Kendra,Latch,klatchci@theatlantic.com,Veal - Insides Provini,true,$487.09
452,Nedi,Bampkin,nbampkincj@ucoz.com,Muffin Mix - Morning Glory,true,$901.30
453,Mariann,Sharram,msharramck@google.de,Soup - Campbells Beef Stew,true,$757.91
454,Doroteya,Felipe,dfelipecl@discuz.net,"Napkin - Cocktail,beige 2 - Ply",false,$877.21
455,Georgy,Czaple,gczaplecm@woothemes.com,French Pastries,true,$925.67
456,Ogden,Stubbes,ostubbescn@yolasite.com,Chicken Breast Halal,true,$916.59
457,Em,Lardier,elardierco@fema.gov,Soup - Campbells Mushroom,true,$136.03
458,Clevey,Fever,cfevercp@home.pl,Melon - Cantaloupe,false,$329.88
459,Bird,Bruyet,bbruyetcq@house.gov,"Pork - Tenderloin, Frozen",true,$971.25
460,Valentijn,Fateley,vfateleycr@epa.gov,"Rum - Light, Captain Morgan",true,$738.81
461,Norean,,nheathcottcs@artisteer.com,Parsley Italian - Fresh,false,$990.02
462,Rosalynd,Langfield,rlangfieldct@boston.com,Longos - Greek Salad,false,$724.87
463,Weylin,,wpedgriftcu@360.cn,"Nut - Almond, Blanched, Ground",false,$927.89
464,Sibylle,Durnell,sdurnellcv@booking.com,Quail - Jumbo,false,$607.39
465,Uriel,Izakovitz,uizakovitzcw@hp.com,"Oranges - Navel, 72",true,$636.45
466,Pail,Lethebridge,plethebridgecx@shutterfly.com,"Pork - Ham, Virginia",false,$145.14
467,Hillel,McLaughlan,hmclaughlancy@myspace.com,"Wine - Red, Gallo, Merlot",false,$676.86
468,Donnajean,Praundl,dpraundlcz@craigslist.org,"Lamb - Whole, Fresh",false,$239.19
469,Elsy,Yourell,eyourelld0@example.com,Ham - Cooked Italian,false,$469.63
470,Maxie,Christescu,mchristescud1@prlog.org,Parsley - Fresh,true,$696.98
471,Lucio,Newberry,lnewberryd2@dailymotion.com,Lamb - Whole Head Off,true,$538.75
472,Ab,Shotbolt,ashotboltd3@princeton.edu,Skirt - 29 Foot,true,$380.18
473,My,Janicek,mjanicekd4@flavors.me,"Turkey - Breast, Bone - In",true,$323.85
474,Lotta,Kinchington,lkinchingtond5@nsw.gov.au,Chick Peas - Dried,true,$920.44
475,Minette,O'Shee,mosheed6@java.com,Cookie Dough - Double,false,$668.42
476,,Shelliday,,Yukon Jack,true,$14.53
477,Daisie,Rummer,drummerd8@e-recht24.de,"Tuna - Canned, Flaked, Light",true,$507.10
478,Sherilyn,Schaben,sschabend9@paginegialle.it,Cardamon Ground,true,$694.20
479,Shannen,,sscinellida@newsvine.com,Cheese - Swiss,true,$13.77
480,Angie,Hares,aharesdb@wordpress.org,Pineapple - Golden,true,$105.20
481,Felicle,Sewell,fsewelldc@bloomberg.com,"Nut - Walnut, Pieces",true,$943.70
482,Natalina,Georges,ngeorgesdd@skype.com,Tuna - Yellowfin,true,$299.46
483,Jo-anne,Copes,jcopesde@ft.com,Appetizer - Smoked Salmon / Dill,false,$15.41
484,Mollie,Pieterick,mpieterickdf@amazonaws.com,Capicola - Hot,true,$548.37
485,Cristie,,crudmandg@edublogs.org,Alize Sunset,false,$490.07
486,Margarita,Hastilow,mhastilowdh@webs.com,Brandy Apricot,true,$470.12
487,Paulo,,ptibolsdi@rambler.ru,Beans - Soya Bean,true,$693.16
488,Ruy,Kenworth,rkenworthdj@i2i.jp,Oil - Cooking Spray,true,$424.74
489,Pattie,,pwelfairdk@boston.com,Venison - Liver,true,$670.53
490,Farah,Crowson,fcrowsondl@earthlink.net,Towel Multifold,true,$206.59
491,Palmer,Tubridy,ptubridydm@scribd.com,"Wine - Red, Gamay Noir",true,$815.37
492,Libbi,Huntress,lhuntressdn@hatena.ne.jp,Cookie Dough - Oatmeal Rasin,true,$806.58
493,Perice,Matuschek,pmatuschekdo@discovery.com,Veal - Insides Provini,false,$714.73
494,Zorine,Iacobetto,ziacobettodp@ebay.com,Pastry - Chocolate Marble Tea,false,$16.79
495,Eugine,Shorthouse,eshorthousedq@ezinearticles.com,Cocoa Powder - Natural,false,$322.47
496,Alvin,Hulke,ahulkedr@taobao.com,Pork - Liver,true,$542.90
497,Cleveland,Doughartie,cdoughartieds@gnu.org,Ice Cream - Life Savers,true,$756.18
498,Marina,Telford,mtelforddt@hostgator.com,Pear - Halves,false,$457.57
499,Elvyn,Hammonds,ehammondsdu@nifty.com,Bread - Pain Au Liat X12,false,$821.26
500,Elinore,Vayro,evayrodv@youtu.be,Puree - Raspberry,true,$179.30
